URL,Version,Status,OIDs,Name,Title,Descriptino,Uses,Used,Sources
http://hl7.org/fhir/ValueSet/administrative-gender,4.0.1,active,"2.16.840.1.113883.4.642.3.1",AdministrativeGender,AdministrativeGender,"The gender of a person used for administrative purposes.","StructureDefinition/Astronaut","hl7.fhir.r4.core"
http://hl7.org/fhir/ValueSet/asset-availability,4.0.1,draft,"2.16.840.1.113883.4.642.3.1295",ContractResourceAssetAvailiabilityCodes,Contract Resource Asset Availiability codes,"This value set has asset availability codes.","StructureDefinition/SpaceInsuranceContract","hl7.fhir.r4.core"
http://hl7.org/fhir/ValueSet/body-site,4.0.1,draft,"2.16.840.1.113883.4.642.3.141",SNOMEDCTBodyStructures,SNOMED CT Body Structures,"This value set includes all codes from [SNOMED CT](http://snomed.info/sct) where concept is-a 442083009 (Anatomical or acquired body site (body structure)).","StructureDefinition/SpaceProcedure,StructureDefinition/DecompressionSickness,StructureDefinition/decompression-protocol,StructureDefinition/respiratory-rate,StructureDefinition/oxygen-saturation-arterial-blood,StructureDefinition/AstrodynamicsObservation,StructureDefinition/height,StructureDefinition/UnderwaterEVASimulation,StructureDefinition/SpaceCondition,StructureDefinition/DiveMedicalClearance,StructureDefinition/EnvironmentalMonitoring,StructureDefinition/HyperbaricTreatment,StructureDefinition/underwater-emergency-response,StructureDefinition/BarotraumaAssessment,StructureDefinition/body-mass-index,StructureDefinition/vital-signs-panel,StructureDefinition/enhanced-neutral-buoyancy-session,StructureDefinition/advanced-dive-profile,StructureDefinition/regulatory-compliance-assessment,StructureDefinition/DiveProfile,StructureDefinition/body-weight,StructureDefinition/enhanced-hyperbaric-treatment,StructureDefinition/cumulative-radiation-dose,StructureDefinition/space-radiation-exposure,StructureDefinition/communication-session-assessment,StructureDefinition/NeutralBuoyancySession","SCT"
http://hl7.org/fhir/ValueSet/bundle-type,4.0.1,active,"2.16.840.1.113883.4.642.3.620",BundleType,BundleType,"Indicates the purpose of a bundle - how it is intended to be used.","StructureDefinition/GimbalScreening","hl7.fhir.r4.core"
http://hl7.org/fhir/ValueSet/clinical-findings,4.0.1,draft,"2.16.840.1.113883.4.642.3.232",SNOMEDCTClinicalFindings,SNOMED CT Clinical Findings,"This value set includes all the ""Clinical finding"" [SNOMED CT](http://snomed.info/sct) codes - concepts where concept is-a 404684003 (Clinical finding (finding)).","StructureDefinition/space-radiation-summary","SCT"
http://hl7.org/fhir/ValueSet/condition-category,4.0.1,draft,"2.16.840.1.113883.4.642.3.162",ConditionCategoryCodes,Condition Category Codes,"Preferred value set for Condition Categories.","StructureDefinition/DecompressionSickness,StructureDefinition/SpaceCondition","THO"
http://hl7.org/fhir/ValueSet/condition-clinical,4.0.1,draft,"2.16.840.1.113883.4.642.3.164",ConditionClinicalStatusCodes,Condition Clinical Status Codes,"Preferred value set for Condition Clinical Status.","StructureDefinition/DecompressionSickness,StructureDefinition/SpaceCondition","THO"
http://hl7.org/fhir/ValueSet/condition-code,4.0.1,draft,"2.16.840.1.113883.4.642.3.161",Condition/Problem/DiagnosisCodes,Condition/Problem/Diagnosis Codes,"Example value set for Condition/Problem/Diagnosis codes.","StructureDefinition/SpaceProcedure,StructureDefinition/enhanced-hyperbaric-treatment,StructureDefinition/DecompressionSickness,StructureDefinition/enhanced-neutral-buoyancy-session,StructureDefinition/UnderwaterEVASimulation,StructureDefinition/decompression-protocol,StructureDefinition/SpaceCondition,StructureDefinition/DiveMedicalClearance,StructureDefinition/HyperbaricTreatment,StructureDefinition/NeutralBuoyancySession,StructureDefinition/underwater-emergency-response","SCT"
http://hl7.org/fhir/ValueSet/condition-severity,4.0.1,draft,"2.16.840.1.113883.4.642.3.168",Condition/DiagnosisSeverity,Condition/Diagnosis Severity,"Preferred value set for Condition/Diagnosis severity grading.","StructureDefinition/DecompressionSickness,StructureDefinition/SpaceCondition","SCT"
http://hl7.org/fhir/ValueSet/condition-stage,4.0.1,draft,"2.16.840.1.113883.4.642.3.170",ConditionStage,Condition Stage,"Example value set for stages of cancer and other conditions.","StructureDefinition/DecompressionSickness,StructureDefinition/SpaceCondition","SCT"
http://hl7.org/fhir/ValueSet/condition-stage-type,4.0.1,draft,"2.16.840.1.113883.4.642.3.171",ConditionStageType,Condition Stage Type,"Example value set for the type of stages of cancer and other conditions","StructureDefinition/DecompressionSickness,StructureDefinition/SpaceCondition","SCT"
http://hl7.org/fhir/ValueSet/condition-ver-status,4.0.1,draft,"2.16.840.1.113883.4.642.3.166",ConditionVerificationStatus,ConditionVerificationStatus,"The verification status to support or decline the clinical status of the condition or diagnosis.","StructureDefinition/DecompressionSickness,StructureDefinition/SpaceCondition","THO"
http://hl7.org/fhir/ValueSet/consent-content-class,4.0.1,draft,"2.16.840.1.113883.4.642.3.747",ConsentContentClass,Consent Content Class,"This value set includes the FHIR resource types, along with some other important content class codes","StructureDefinition/SpaceInsuranceContract","hl7.fhir.r4.core,Other"
http://hl7.org/fhir/ValueSet/contactentity-type,4.0.1,draft,"2.16.840.1.113883.4.642.3.416",ContactEntityType,Contact entity type,"This example value set defines a set of codes that can be used to indicate the purpose for which you would contact a contact party.","StructureDefinition/SpaceInsurance,StructureDefinition/SpaceOrg","THO"
http://hl7.org/fhir/ValueSet/contract-action,4.0.1,draft,"2.16.840.1.113883.4.642.3.739",ContractActionCodes,Contract Action Codes,"This value set includes sample Contract Action codes.","StructureDefinition/SpaceInsuranceContract","THO"
http://hl7.org/fhir/ValueSet/contract-actionstatus,4.0.1,draft,"2.16.840.1.113883.4.642.3.1303",ContractResourceActionStatusCodes,Contract Resource Action Status codes,"This value set contract specific codes for action status.","StructureDefinition/SpaceInsuranceContract","hl7.fhir.r4.core"
http://hl7.org/fhir/ValueSet/contract-actorrole,4.0.1,draft,"2.16.840.1.113883.4.642.3.741",ContractActorRoleCodes,Contract Actor Role Codes,"This value set includes sample Contract Actor Role codes.","StructureDefinition/SpaceInsuranceContract","THO"
http://hl7.org/fhir/ValueSet/contract-assetcontext,4.0.1,draft,"2.16.840.1.113883.4.642.3.1297",ContractResourceAssetContextCodes,Contract Resource Asset Context codes,"This value set contract specific codes for asset context.","StructureDefinition/SpaceInsuranceContract","hl7.fhir.r4.core"
http://hl7.org/fhir/ValueSet/contract-assetscope,4.0.1,draft,"2.16.840.1.113883.4.642.3.1293",ContractResourceAssetScopeCodes,Contract Resource Asset Scope codes,"This value set contract specific codes for asset scope.","StructureDefinition/SpaceInsuranceContract","hl7.fhir.r4.core"
http://hl7.org/fhir/ValueSet/contract-assetsubtype,4.0.1,draft,"2.16.840.1.113883.4.642.3.1301",ContractResourceAssetSub-TypeCodes,Contract Resource Asset Sub-Type codes,"This value set contract specific codes for asset subtype.","StructureDefinition/SpaceInsuranceContract","hl7.fhir.r4.core"
http://hl7.org/fhir/ValueSet/contract-assettype,4.0.1,draft,"2.16.840.1.113883.4.642.3.1299",ContractResourceAssetTypeCodes,Contract Resource Asset Type codes,"This value set contract specific codes for asset type.","StructureDefinition/SpaceInsuranceContract","hl7.fhir.r4.core"
http://hl7.org/fhir/ValueSet/contract-content-derivative,4.0.1,draft,"2.16.840.1.113883.4.642.3.745",ContractContentDerivationCodes,Contract Content Derivation Codes,"This is an example set of Content Derivative type codes, which represent the minimal content derived from the basal information source at a specific stage in its lifecycle, which is sufficient to manage that source information, for example, in a repository, registry, processes and workflows, for making access control decisions, and providing query responses.","StructureDefinition/SpaceInsuranceContract","THO"
http://hl7.org/fhir/ValueSet/contract-decision-mode,4.0.1,draft,"2.16.840.1.113883.4.642.3.1291",ContractResourceDecisionModeCodes,Contract Resource Decision Mode codes,"This value set contract specific codes for decision modes.","StructureDefinition/SpaceInsuranceContract","hl7.fhir.r4.core"
http://hl7.org/fhir/ValueSet/contract-definition-subtype,4.0.1,draft,"2.16.840.1.113883.4.642.3.1212",ContractResourceDefinitionSubtypeCodes,Contract Resource Definition Subtype codes,"This value set contract specific codes for status.","StructureDefinition/SpaceInsuranceContract","hl7.fhir.r4.core"
http://hl7.org/fhir/ValueSet/contract-definition-type,4.0.1,draft,"2.16.840.1.113883.4.642.3.1210",ContractResourceDefinitionTypeCodes,Contract Resource Definition Type codes,"This value set contract specific codes for status.","StructureDefinition/SpaceInsuranceContract","hl7.fhir.r4.core"
http://hl7.org/fhir/ValueSet/contract-expiration-type,4.0.1,draft,"2.16.840.1.113883.4.642.3.1214",ContractResourceExpirationTypeCodes,Contract Resource Expiration Type codes,"This value set contract specific codes for status.","StructureDefinition/SpaceInsuranceContract","hl7.fhir.r4.core"
http://hl7.org/fhir/ValueSet/contract-legalstate,4.0.1,draft,"2.16.840.1.113883.4.642.3.1206",ContractResourceLegalStateCodes,Contract Resource Legal State codes,"This value set contract specific codes for status.","StructureDefinition/SpaceInsuranceContract","hl7.fhir.r4.core"
http://hl7.org/fhir/ValueSet/contract-party-role,4.0.1,draft,"2.16.840.1.113883.4.642.3.1224",ContractResourcePartyRoleCodes,Contract Resource Party Role codes,"This value set contract specific codes for offer party participation.","StructureDefinition/SpaceInsuranceContract","hl7.fhir.r4.core"
http://hl7.org/fhir/ValueSet/contract-publicationstatus,4.0.1,draft,"2.16.840.1.113883.4.642.3.1208",ContractResourcePublicationStatusCodes,Contract Resource Publication Status codes,"This value set contract specific codes for status.","StructureDefinition/SpaceInsuranceContract","hl7.fhir.r4.core"
http://hl7.org/fhir/ValueSet/contract-scope,4.0.1,draft,"2.16.840.1.113883.4.642.3.1216",ContractResourceScopeCodes,Contract Resource Scope codes,"This value set contract specific codes for scope.","StructureDefinition/SpaceInsuranceContract","hl7.fhir.r4.core"
http://hl7.org/fhir/ValueSet/contract-security-category,4.0.1,draft,"2.16.840.1.113883.4.642.3.1220",ContractResourceScopeCodes,Contract Resource Scope codes,"This value set contract specific codes for security category.","StructureDefinition/SpaceInsuranceContract","hl7.fhir.r4.core"
http://hl7.org/fhir/ValueSet/contract-security-classification,4.0.1,draft,"2.16.840.1.113883.4.642.3.1218",ContractResourceScopeCodes,Contract Resource Scope codes,"This value set contract specific codes for security classification.","StructureDefinition/SpaceInsuranceContract","hl7.fhir.r4.core"
http://hl7.org/fhir/ValueSet/contract-security-control,4.0.1,draft,"2.16.840.1.113883.4.642.3.1222",ContractResourceSecurityControlCodes,Contract Resource Security Control codes,"This value set contract specific codes for security control.","StructureDefinition/SpaceInsuranceContract","hl7.fhir.r4.core"
http://hl7.org/fhir/ValueSet/contract-signer-type,4.0.1,draft,"2.16.840.1.113883.4.642.3.737",ContractSignerTypeCodes,Contract Signer Type Codes,"This value set includes sample Contract Signer Type codes.","StructureDefinition/SpaceInsuranceContract","THO"
http://hl7.org/fhir/ValueSet/contract-status,4.0.1,draft,"2.16.840.1.113883.4.642.3.743",ContractResourceStatusCodes,Contract Resource Status Codes,"This value set contract specific codes for status.","StructureDefinition/SpaceInsuranceContract","hl7.fhir.r4.core"
http://hl7.org/fhir/ValueSet/contract-subtype,4.0.1,draft,"2.16.840.1.113883.4.642.3.731",ContractSubtypeCodes,Contract Subtype Codes,"This value set includes sample Contract Subtype codes.","StructureDefinition/SpaceInsuranceContract","THO"
http://hl7.org/fhir/ValueSet/contract-term-subtype,4.0.1,draft,"2.16.840.1.113883.4.642.3.735",ContractTermSubtypeCodes,Contract Term Subtype Codes,"This value set includes sample Contract Term SubType codes.","StructureDefinition/SpaceInsuranceContract","THO"
http://hl7.org/fhir/ValueSet/contract-term-type,4.0.1,draft,"2.16.840.1.113883.4.642.3.733",ContractTermTypeCodes,Contract Term Type Codes,"This value set includes sample Contract Term Type codes.","StructureDefinition/SpaceInsuranceContract","THO"
http://hl7.org/fhir/ValueSet/contract-type,4.0.1,draft,"2.16.840.1.113883.4.642.3.729",ContractTypeCodes,Contract Type Codes,"This value set includes sample Contract Type codes.","StructureDefinition/SpaceInsuranceContract","THO"
http://hl7.org/fhir/ValueSet/data-absent-reason,4.0.1,active,"2.16.840.1.113883.4.642.3.5",DataAbsentReason,DataAbsentReason,"Used to specify why the normally expected content of the data element is missing.","StructureDefinition/BarotraumaAssessment,StructureDefinition/twenty-four-hour-blood-pressure,StructureDefinition/average-blood-pressure,StructureDefinition/body-mass-index,StructureDefinition/vital-signs-panel,StructureDefinition/blood-pressure-panel,StructureDefinition/advanced-dive-profile,StructureDefinition/regulatory-compliance-assessment,StructureDefinition/respiratory-rate,StructureDefinition/DiveProfile,StructureDefinition/body-weight,StructureDefinition/AstrodynamicsObservation,StructureDefinition/oxygen-saturation-arterial-blood,StructureDefinition/body-temperature,StructureDefinition/height,StructureDefinition/cumulative-radiation-dose,StructureDefinition/heart-rate,StructureDefinition/EnvironmentalMonitoring,StructureDefinition/space-radiation-exposure,StructureDefinition/oxygen-saturation-arterial-blood-pulseOx,StructureDefinition/communication-session-assessment","THO"
http://hl7.org/fhir/ValueSet/days-of-week,4.0.1,active,"2.16.840.1.113883.4.642.3.512",DaysOfWeek,DaysOfWeek,"The days of the week.","StructureDefinition/SpaceVehicle,StructureDefinition/hyperbaric-chamber,StructureDefinition/NeutralBuoyancyFacility,StructureDefinition/SpaceLocation","hl7.fhir.r4.core"
http://hl7.org/fhir/ValueSet/device-action,4.0.1,draft,"2.16.840.1.113883.4.642.3.425",ProcedureDeviceActionCodes,Procedure Device Action Codes,"Example codes indicating the change that happened to the device during the procedure.  Note that these are in no way complete and might not even be appropriate for some uses.","StructureDefinition/SpaceProcedure,StructureDefinition/enhanced-hyperbaric-treatment,StructureDefinition/enhanced-neutral-buoyancy-session,StructureDefinition/UnderwaterEVASimulation,StructureDefinition/decompression-protocol,StructureDefinition/DiveMedicalClearance,StructureDefinition/HyperbaricTreatment,StructureDefinition/NeutralBuoyancySession,StructureDefinition/underwater-emergency-response","SCT"
http://hl7.org/fhir/ValueSet/device-kind,4.0.1,draft,"2.16.840.1.113883.4.642.3.208",FHIRDeviceTypes,FHIR Device Types,"Codes used to identify medical devices. Includes concepts from SNOMED CT (http://www.snomed.org/) where concept is-a 49062001 (Device)  and is provided as a suggestive example.","StructureDefinition/SpaceProcedure,StructureDefinition/enhanced-neutral-buoyancy-session,StructureDefinition/decompression-protocol,StructureDefinition/respiratory-rate,StructureDefinition/body-weight,StructureDefinition/enhanced-hyperbaric-treatment,StructureDefinition/body-temperature,StructureDefinition/height,StructureDefinition/UnderwaterEVASimulation,StructureDefinition/DiveMedicalClearance,StructureDefinition/heart-rate,StructureDefinition/HyperbaricTreatment,StructureDefinition/NeutralBuoyancySession,StructureDefinition/underwater-emergency-response","SCT"
http://hl7.org/fhir/ValueSet/device-nametype,4.0.1,draft,"2.16.840.1.113883.4.642.3.1083",DeviceNameType,DeviceNameType,"The type of name the device is referred by.","StructureDefinition/bp-device,StructureDefinition/SpaceEquipment,StructureDefinition/DivingEquipment,StructureDefinition/underwater-communication-system,StructureDefinition/radiation-detector","hl7.fhir.r4.core"
http://hl7.org/fhir/ValueSet/device-status,4.0.1,draft,"2.16.840.1.113883.4.642.3.209",FHIRDeviceStatus,FHIRDeviceStatus,"The availability status of the device.","StructureDefinition/bp-device,StructureDefinition/SpaceEquipment,StructureDefinition/DivingEquipment,StructureDefinition/underwater-communication-system,StructureDefinition/radiation-detector","hl7.fhir.r4.core"
http://hl7.org/fhir/ValueSet/device-status-reason,4.0.1,draft,"2.16.840.1.113883.4.642.3.1081",FHIRDeviceStatusReason,FHIRDeviceStatusReason,"The availability status reason of the device.","StructureDefinition/bp-device,StructureDefinition/SpaceEquipment,StructureDefinition/DivingEquipment,StructureDefinition/underwater-communication-system,StructureDefinition/radiation-detector","THO"
http://hl7.org/fhir/ValueSet/device-type,4.0.1,draft,"2.16.840.1.113883.4.642.3.1376",DeviceType,Device Type,"Codes used to identify medical devices. Includes concepts from SNOMED CT (http://www.snomed.org/) where concept is-a 49062001 (Device)  and is provided as a suggestive example.","StructureDefinition/SpaceEquipment,StructureDefinition/DivingEquipment","SCT"
http://hl7.org/fhir/ValueSet/diagnostic-report-status,4.0.1,draft,"2.16.840.1.113883.4.642.3.235",DiagnosticReportStatus,DiagnosticReportStatus,"The status of the diagnostic report.","StructureDefinition/space-radiation-summary","hl7.fhir.r4.core"
http://hl7.org/fhir/ValueSet/diagnostic-service-sections,4.0.1,draft,"2.16.840.1.113883.4.642.3.234",DiagnosticServiceSectionCodes,Diagnostic Service Section Codes,"This value set includes all the codes in HL7 V2 table 0074.","StructureDefinition/space-radiation-summary","THO (V2)"
http://hl7.org/fhir/ValueSet/event-status,4.0.1,draft,"2.16.840.1.113883.4.642.3.109",EventStatus,EventStatus,"Codes identifying the lifecycle stage of an event.","StructureDefinition/SpaceProcedure,StructureDefinition/enhanced-hyperbaric-treatment,StructureDefinition/enhanced-neutral-buoyancy-session,StructureDefinition/UnderwaterEVASimulation,StructureDefinition/decompression-protocol,StructureDefinition/DiveMedicalClearance,StructureDefinition/HyperbaricTreatment,StructureDefinition/NeutralBuoyancySession,StructureDefinition/underwater-emergency-response","hl7.fhir.r4.core"
http://hl7.org/fhir/ValueSet/http-verb,4.0.1,active,"2.16.840.1.113883.4.642.3.624",HTTPVerb,HTTPVerb,"HTTP verbs (in the HTTP command line). See [HTTP rfc](https://tools.ietf.org/html/rfc7231) for details.","StructureDefinition/GimbalScreening","hl7.fhir.r4.core"
http://hl7.org/fhir/ValueSet/insuranceplan-applicability,4.0.1,draft,"2.16.840.1.113883.4.642.3.0",BenefitCostApplicability,Benefit cost applicability,"Whether the cost applies to in-network or out-of-network providers.","StructureDefinition/SpaceInsurance","THO"
http://hl7.org/fhir/ValueSet/insuranceplan-type,4.0.1,draft,"2.16.840.1.113883.4.642.3.870",InsurancePlanType,Insurance plan type,"This example value set defines a set of codes that can be used to indicate a type of insurance plan.","StructureDefinition/SpaceInsurance","THO"
http://hl7.org/fhir/ValueSet/languages,4.0.1,draft,"2.16.840.1.113883.4.642.3.20",CommonLanguages,Common Languages,"This value set includes common codes from BCP-47 (http://tools.ietf.org/html/bcp47)","StructureDefinition/space-radiation-summary,StructureDefinition/SpaceProcedure,StructureDefinition/twenty-four-hour-blood-pressure,StructureDefinition/average-blood-pressure,StructureDefinition/DecompressionSickness,StructureDefinition/decompression-protocol,StructureDefinition/SpaceVehicle,StructureDefinition/Astronaut,StructureDefinition/SpaceInsuranceContract,StructureDefinition/respiratory-rate,StructureDefinition/DivingEquipment,StructureDefinition/NeutralBuoyancyFacility,StructureDefinition/SpaceLocation,StructureDefinition/radiation-detector,StructureDefinition/oxygen-saturation-arterial-blood,StructureDefinition/AstrodynamicsObservation,StructureDefinition/height,StructureDefinition/UnderwaterEVASimulation,StructureDefinition/SpaceCondition,StructureDefinition/DiveMedicalClearance,StructureDefinition/SpaceEquipment,StructureDefinition/heart-rate,StructureDefinition/EnvironmentalMonitoring,StructureDefinition/hyperbaric-chamber,StructureDefinition/SpaceRiskAssesment,StructureDefinition/HyperbaricTreatment,StructureDefinition/underwater-emergency-response,StructureDefinition/BarotraumaAssessment,StructureDefinition/body-mass-index,StructureDefinition/vital-signs-panel,StructureDefinition/SpaceInsurance,StructureDefinition/enhanced-neutral-buoyancy-session,StructureDefinition/blood-pressure-panel,StructureDefinition/bp-device,StructureDefinition/advanced-dive-profile,StructureDefinition/regulatory-compliance-assessment,StructureDefinition/DiveProfile,StructureDefinition/body-weight,StructureDefinition/underwater-communication-system,StructureDefinition/enhanced-hyperbaric-treatment,StructureDefinition/GimbalScreening,StructureDefinition/body-temperature,StructureDefinition/cumulative-radiation-dose,StructureDefinition/SpaceOrg,StructureDefinition/space-radiation-exposure,StructureDefinition/oxygen-saturation-arterial-blood-pulseOx,StructureDefinition/communication-session-assessment,StructureDefinition/NeutralBuoyancySession","hl7.terminology.r4"
http://hl7.org/fhir/ValueSet/link-type,4.0.1,active,"2.16.840.1.113883.4.642.3.423",LinkType,LinkType,"The type of link between this patient resource and another patient resource.","StructureDefinition/Astronaut","hl7.fhir.r4.core"
http://hl7.org/fhir/ValueSet/location-mode,4.0.1,draft,"2.16.840.1.113883.4.642.3.330",LocationMode,LocationMode,"Indicates whether a resource instance represents a specific location or a class of locations.","StructureDefinition/SpaceVehicle,StructureDefinition/hyperbaric-chamber,StructureDefinition/NeutralBuoyancyFacility,StructureDefinition/SpaceLocation","hl7.fhir.r4.core"
http://hl7.org/fhir/ValueSet/location-physical-type,4.0.1,draft,"2.16.840.1.113883.4.642.3.328",LocationType,Location type,"This example value set defines a set of codes that can be used to indicate the physical form of the Location.","StructureDefinition/SpaceVehicle,StructureDefinition/hyperbaric-chamber,StructureDefinition/NeutralBuoyancyFacility,StructureDefinition/SpaceLocation","THO"
http://hl7.org/fhir/ValueSet/location-status,4.0.1,draft,"2.16.840.1.113883.4.642.3.332",LocationStatus,LocationStatus,"Indicates whether the location is still in use.","StructureDefinition/SpaceVehicle,StructureDefinition/hyperbaric-chamber,StructureDefinition/NeutralBuoyancyFacility,StructureDefinition/SpaceLocation","hl7.fhir.r4.core"
http://hl7.org/fhir/ValueSet/manifestation-or-symptom,4.0.1,draft,"2.16.840.1.113883.4.642.3.169",ManifestationAndSymptomCodes,Manifestation and Symptom Codes,"Example value set for Manifestation and Symptom codes.","StructureDefinition/DecompressionSickness,StructureDefinition/SpaceCondition","SCT"
http://hl7.org/fhir/ValueSet/marital-status,4.0.1,active,"2.16.840.1.113883.4.642.3.29",Marital Status Codes,MaritalStatus,"This value set defines the set of codes that can be used to indicate the marital status of a person.","StructureDefinition/Astronaut","THO (V3)"
http://hl7.org/fhir/ValueSet/observation-category,4.0.1,draft,"2.16.840.1.113883.4.642.3.403",ObservationCategoryCodes,Observation Category Codes,"Observation Category codes.","StructureDefinition/BarotraumaAssessment,StructureDefinition/twenty-four-hour-blood-pressure,StructureDefinition/average-blood-pressure,StructureDefinition/body-mass-index,StructureDefinition/vital-signs-panel,StructureDefinition/blood-pressure-panel,StructureDefinition/advanced-dive-profile,StructureDefinition/regulatory-compliance-assessment,StructureDefinition/respiratory-rate,StructureDefinition/DiveProfile,StructureDefinition/body-weight,StructureDefinition/AstrodynamicsObservation,StructureDefinition/oxygen-saturation-arterial-blood,StructureDefinition/body-temperature,StructureDefinition/height,StructureDefinition/cumulative-radiation-dose,StructureDefinition/heart-rate,StructureDefinition/EnvironmentalMonitoring,StructureDefinition/space-radiation-exposure,StructureDefinition/oxygen-saturation-arterial-blood-pulseOx,StructureDefinition/communication-session-assessment","THO"
http://hl7.org/fhir/ValueSet/observation-codes,4.0.1,draft,"2.16.840.1.113883.4.642.3.396",LOINCCodes,LOINC Codes,"This value set includes all LOINC codes","StructureDefinition/AstrodynamicsObservation,StructureDefinition/BarotraumaAssessment,StructureDefinition/cumulative-radiation-dose,StructureDefinition/EnvironmentalMonitoring,StructureDefinition/DiveProfile,StructureDefinition/advanced-dive-profile,StructureDefinition/regulatory-compliance-assessment,StructureDefinition/space-radiation-exposure,StructureDefinition/communication-session-assessment","LOINC"
http://hl7.org/fhir/ValueSet/observation-interpretation,4.0.1,active,"2.16.840.1.113883.4.642.3.399",ObservationInterpretationCodes,Observation Interpretation Codes,"A categorical assessment, providing a rough qualitative interpretation of the observation value,    such as “normal”/ “abnormal”,”low” / “high”, “better” / “worse”, “susceptible” / “resistant”, “expected”/ “not expected”.    The value set is intended to be for ANY use where coded representation of an interpretation is needed.             Notes:          This is being communicated in v2.x in OBX-8 (Observation Interpretation), in v3 in ObservationInterpretation (CWE) in R1 (Representative Realm) and in FHIR in    Observation.interpretation. Historically these values come from the laboratory domain, and these codes are extensively    used. The value set binding is extensible, so codes outside the value set that are needed for interpretation concepts    (i.e. particular meanings) that are not included in the value set can be used, and these new codes may also be added to    the value set and published in a future version.","StructureDefinition/BarotraumaAssessment,StructureDefinition/twenty-four-hour-blood-pressure,StructureDefinition/average-blood-pressure,StructureDefinition/body-mass-index,StructureDefinition/vital-signs-panel,StructureDefinition/blood-pressure-panel,StructureDefinition/advanced-dive-profile,StructureDefinition/regulatory-compliance-assessment,StructureDefinition/respiratory-rate,StructureDefinition/DiveProfile,StructureDefinition/body-weight,StructureDefinition/AstrodynamicsObservation,StructureDefinition/oxygen-saturation-arterial-blood,StructureDefinition/body-temperature,StructureDefinition/height,StructureDefinition/cumulative-radiation-dose,StructureDefinition/heart-rate,StructureDefinition/EnvironmentalMonitoring,StructureDefinition/space-radiation-exposure,StructureDefinition/oxygen-saturation-arterial-blood-pulseOx,StructureDefinition/communication-session-assessment","THO (V3)"
http://hl7.org/fhir/ValueSet/observation-methods,4.0.1,draft,"2.16.840.1.113883.4.642.3.395",ObservationMethods,Observation Methods,"Observation Method codes from [SNOMED CT](http://snomed.info/sct) where concept is-a 272394005 (Technique (qualifier value)) or is-a 129264002 (Action (qualifier value)) or is-a 386053000 (Evaluation procedure(procedure))","StructureDefinition/BarotraumaAssessment,StructureDefinition/body-mass-index,StructureDefinition/vital-signs-panel,StructureDefinition/advanced-dive-profile,StructureDefinition/regulatory-compliance-assessment,StructureDefinition/DiveProfile,StructureDefinition/body-weight,StructureDefinition/AstrodynamicsObservation,StructureDefinition/oxygen-saturation-arterial-blood,StructureDefinition/body-temperature,StructureDefinition/cumulative-radiation-dose,StructureDefinition/EnvironmentalMonitoring,StructureDefinition/space-radiation-exposure,StructureDefinition/oxygen-saturation-arterial-blood-pulseOx,StructureDefinition/communication-session-assessment","SCT"
http://hl7.org/fhir/ValueSet/observation-status,4.0.1,active,"2.16.840.1.113883.4.642.3.400",ObservationStatus,ObservationStatus,"Codes providing the status of an observation.","StructureDefinition/BarotraumaAssessment,StructureDefinition/twenty-four-hour-blood-pressure,StructureDefinition/average-blood-pressure,StructureDefinition/body-mass-index,StructureDefinition/vital-signs-panel,StructureDefinition/blood-pressure-panel,StructureDefinition/advanced-dive-profile,StructureDefinition/regulatory-compliance-assessment,StructureDefinition/respiratory-rate,StructureDefinition/DiveProfile,StructureDefinition/body-weight,StructureDefinition/AstrodynamicsObservation,StructureDefinition/oxygen-saturation-arterial-blood,StructureDefinition/body-temperature,StructureDefinition/height,StructureDefinition/cumulative-radiation-dose,StructureDefinition/heart-rate,StructureDefinition/EnvironmentalMonitoring,StructureDefinition/space-radiation-exposure,StructureDefinition/SpaceRiskAssesment,StructureDefinition/oxygen-saturation-arterial-blood-pulseOx,StructureDefinition/communication-session-assessment","hl7.fhir.r4.core"
http://hl7.org/fhir/ValueSet/observation-vitalsignresult,4.0.1,active,"2.16.840.1.113883.3.88.12.80.62",VitalSigns,Vital Signs,"This value set indicates the allowed vital sign result types.   The LOINC code for Vitals Signs panel (85353-1) is a grouping structure for a set of vital signs and includes related links (with type=has-member) to the Observations in this set (e.g. respiratory rate, heart rate, BP).  The Blood pressure panel (85354-9) is used to group the component observations Systolic blood pressure (8480-6) and Diastolic blood pressure (8462-4).","StructureDefinition/oxygen-saturation-arterial-blood,StructureDefinition/twenty-four-hour-blood-pressure,StructureDefinition/body-temperature,StructureDefinition/average-blood-pressure,StructureDefinition/vital-signs-panel,StructureDefinition/body-mass-index,StructureDefinition/blood-pressure-panel,StructureDefinition/height,StructureDefinition/heart-rate,StructureDefinition/respiratory-rate,StructureDefinition/body-weight,StructureDefinition/oxygen-saturation-arterial-blood-pulseOx","LOINC"
http://hl7.org/fhir/ValueSet/organization-type,4.0.1,draft,"2.16.840.1.113883.4.642.3.414",OrganizationType,Organization type,"This example value set defines a set of codes that can be used to indicate a type of organization.","StructureDefinition/SpaceOrg","THO"
http://hl7.org/fhir/ValueSet/patient-contactrelationship,4.0.1,active,"2.16.840.1.113883.4.642.3.1130",PatientContactRelationship,Patient Contact Relationship ,"The nature of the relationship between the patient and the contact person.","StructureDefinition/Astronaut","THO (V2)"
http://hl7.org/fhir/ValueSet/performer-role,4.0.1,draft,"2.16.840.1.113883.4.642.3.433",ProcedurePerformerRoleCodes,Procedure Performer Role Codes,"This example value set defines the set of codes that can be used to indicate a role of a procedure performer.","StructureDefinition/SpaceProcedure,StructureDefinition/enhanced-hyperbaric-treatment,StructureDefinition/enhanced-neutral-buoyancy-session,StructureDefinition/UnderwaterEVASimulation,StructureDefinition/decompression-protocol,StructureDefinition/DiveMedicalClearance,StructureDefinition/HyperbaricTreatment,StructureDefinition/NeutralBuoyancySession,StructureDefinition/underwater-emergency-response","SCT"
http://hl7.org/fhir/ValueSet/procedure-category,4.0.1,draft,"2.16.840.1.113883.4.642.3.430",ProcedureCategoryCodes(SNOMEDCT),Procedure Category Codes (SNOMED CT),"Procedure Category code: A selection of relevant SNOMED CT codes.","StructureDefinition/SpaceProcedure,StructureDefinition/enhanced-hyperbaric-treatment,StructureDefinition/enhanced-neutral-buoyancy-session,StructureDefinition/UnderwaterEVASimulation,StructureDefinition/decompression-protocol,StructureDefinition/DiveMedicalClearance,StructureDefinition/HyperbaricTreatment,StructureDefinition/NeutralBuoyancySession,StructureDefinition/underwater-emergency-response","SCT"
http://hl7.org/fhir/ValueSet/procedure-code,4.0.1,draft,"2.16.840.1.113883.4.642.3.427",ProcedureCodes(SNOMEDCT),Procedure Codes (SNOMED CT),"Procedure Code: All SNOMED CT procedure codes.","StructureDefinition/SpaceProcedure,StructureDefinition/UnderwaterEVASimulation,StructureDefinition/DiveMedicalClearance,StructureDefinition/HyperbaricTreatment,StructureDefinition/NeutralBuoyancySession","SCT"
http://hl7.org/fhir/ValueSet/procedure-followup,4.0.1,draft,"2.16.840.1.113883.4.642.3.429",ProcedureFollowUpCodes(SNOMEDCT),Procedure Follow up Codes (SNOMED CT),"Procedure follow up codes: A selection of SNOMED CT codes relevant to procedure follow up.","StructureDefinition/SpaceProcedure,StructureDefinition/enhanced-hyperbaric-treatment,StructureDefinition/enhanced-neutral-buoyancy-session,StructureDefinition/UnderwaterEVASimulation,StructureDefinition/decompression-protocol,StructureDefinition/DiveMedicalClearance,StructureDefinition/HyperbaricTreatment,StructureDefinition/NeutralBuoyancySession,StructureDefinition/underwater-emergency-response","SCT"
http://hl7.org/fhir/ValueSet/procedure-not-performed-reason,4.0.1,active,"2.16.840.1.113883.4.642.3.431",ProcedureNotPerformedReason(SNOMED-CT),Procedure Not Performed Reason (SNOMED-CT),"Situation codes describing the reason that a procedure, which might otherwise be expected, was not performed, or a procedure that was started and was not completed. Consists of SNOMED CT codes, children of procedure contraindicated (183932001), procedure discontinued (416406003), procedure not done (416237000), procedure not indicated (428119001), procedure not offered (416064006), procedure not wanted (416432009), procedure refused (183944003), and procedure stopped (394908001).","StructureDefinition/SpaceProcedure,StructureDefinition/enhanced-hyperbaric-treatment,StructureDefinition/enhanced-neutral-buoyancy-session,StructureDefinition/UnderwaterEVASimulation,StructureDefinition/decompression-protocol,StructureDefinition/DiveMedicalClearance,StructureDefinition/HyperbaricTreatment,StructureDefinition/NeutralBuoyancySession,StructureDefinition/underwater-emergency-response","SCT"
http://hl7.org/fhir/ValueSet/procedure-outcome,4.0.1,draft,"2.16.840.1.113883.4.642.3.428",ProcedureOutcomeCodes(SNOMEDCT),Procedure Outcome Codes (SNOMED CT),"Procedure Outcome code: A selection of relevant SNOMED CT codes.","StructureDefinition/SpaceProcedure,StructureDefinition/enhanced-hyperbaric-treatment,StructureDefinition/enhanced-neutral-buoyancy-session,StructureDefinition/UnderwaterEVASimulation,StructureDefinition/decompression-protocol,StructureDefinition/DiveMedicalClearance,StructureDefinition/HyperbaricTreatment,StructureDefinition/NeutralBuoyancySession,StructureDefinition/underwater-emergency-response","SCT"
http://hl7.org/fhir/ValueSet/procedure-reason,4.0.1,draft,"2.16.840.1.113883.4.642.3.432",ProcedureReasonCodes,Procedure Reason Codes,"This example value set defines the set of codes that can be used to indicate a reason for a procedure.","StructureDefinition/SpaceProcedure,StructureDefinition/enhanced-hyperbaric-treatment,StructureDefinition/enhanced-neutral-buoyancy-session,StructureDefinition/UnderwaterEVASimulation,StructureDefinition/decompression-protocol,StructureDefinition/DiveMedicalClearance,StructureDefinition/HyperbaricTreatment,StructureDefinition/NeutralBuoyancySession,StructureDefinition/underwater-emergency-response","SCT"
http://hl7.org/fhir/ValueSet/provenance-agent-role,4.0.1,draft,"2.16.840.1.113883.4.642.3.1305",ProvenanceParticipantRole,Provenance participant role,"The role that a provenance participant played","StructureDefinition/SpaceInsuranceContract","hl7.fhir.r4.core"
http://hl7.org/fhir/ValueSet/provenance-agent-type,4.0.1,draft,"2.16.840.1.113883.4.642.3.1003",ProvenanceParticipantType,Provenance participant type,"The type of participation a provenance participant.","StructureDefinition/SpaceInsuranceContract","THO"
http://hl7.org/fhir/ValueSet/publication-status,4.0.1,active,"2.16.840.1.113883.4.642.3.3",PublicationStatus,PublicationStatus,"The lifecycle status of an artifact.","StructureDefinition/SpaceInsurance","hl7.fhir.r4.core"
http://hl7.org/fhir/ValueSet/quantity-comparator,4.0.1,active,"2.16.840.1.113883.4.642.3.59",QuantityComparator,QuantityComparator,"How the Quantity should be understood and represented.","StructureDefinition/twenty-four-hour-blood-pressure,StructureDefinition/oxygen-concentration,StructureDefinition/average-blood-pressure,StructureDefinition/maximum-depth,StructureDefinition/body-mass-index,StructureDefinition/blood-pressure-panel,StructureDefinition/advanced-dive-profile,StructureDefinition/respiratory-rate,StructureDefinition/DiveProfile,StructureDefinition/shielding-mass,StructureDefinition/maximum-depth-reached,StructureDefinition/body-weight,StructureDefinition/underwater-communication-system,StructureDefinition/radiation-detector,StructureDefinition/oxygen-saturation-arterial-blood,StructureDefinition/body-temperature,StructureDefinition/height,StructureDefinition/cumulative-radiation-dose,StructureDefinition/heart-rate,StructureDefinition/space-radiation-exposure,StructureDefinition/oxygen-saturation-arterial-blood-pulseOx,StructureDefinition/communication-session-assessment,StructureDefinition/maximum-pressure","hl7.fhir.r4.core"
http://hl7.org/fhir/ValueSet/referencerange-appliesto,4.0.1,draft,"2.16.840.1.113883.4.642.3.407",ObservationReferenceRangeAppliesToCodes,Observation Reference Range Applies To Codes,"This value set defines a set of codes that can be used to indicate the particular target population the reference range applies to.","StructureDefinition/BarotraumaAssessment,StructureDefinition/twenty-four-hour-blood-pressure,StructureDefinition/average-blood-pressure,StructureDefinition/body-mass-index,StructureDefinition/vital-signs-panel,StructureDefinition/blood-pressure-panel,StructureDefinition/advanced-dive-profile,StructureDefinition/regulatory-compliance-assessment,StructureDefinition/respiratory-rate,StructureDefinition/DiveProfile,StructureDefinition/body-weight,StructureDefinition/AstrodynamicsObservation,StructureDefinition/oxygen-saturation-arterial-blood,StructureDefinition/body-temperature,StructureDefinition/height,StructureDefinition/cumulative-radiation-dose,StructureDefinition/heart-rate,StructureDefinition/EnvironmentalMonitoring,StructureDefinition/space-radiation-exposure,StructureDefinition/oxygen-saturation-arterial-blood-pulseOx,StructureDefinition/communication-session-assessment","SCT"
http://hl7.org/fhir/ValueSet/referencerange-meaning,4.0.1,draft,"2.16.840.1.113883.4.642.3.397",ObservationReferenceRangeMeaningCodes,Observation Reference Range Meaning Codes,"This value set defines a set of codes that can be used to indicate the meaning/use of a reference range for a particular target population.","StructureDefinition/BarotraumaAssessment,StructureDefinition/twenty-four-hour-blood-pressure,StructureDefinition/average-blood-pressure,StructureDefinition/body-mass-index,StructureDefinition/vital-signs-panel,StructureDefinition/blood-pressure-panel,StructureDefinition/advanced-dive-profile,StructureDefinition/regulatory-compliance-assessment,StructureDefinition/respiratory-rate,StructureDefinition/DiveProfile,StructureDefinition/body-weight,StructureDefinition/AstrodynamicsObservation,StructureDefinition/oxygen-saturation-arterial-blood,StructureDefinition/body-temperature,StructureDefinition/height,StructureDefinition/cumulative-radiation-dose,StructureDefinition/heart-rate,StructureDefinition/EnvironmentalMonitoring,StructureDefinition/space-radiation-exposure,StructureDefinition/oxygen-saturation-arterial-blood-pulseOx,StructureDefinition/communication-session-assessment","THO"
http://hl7.org/fhir/ValueSet/report-codes,4.0.1,draft,"2.16.840.1.113883.4.642.3.233",LOINCDiagnosticReportCodes,LOINC Diagnostic Report Codes,"This value set includes LOINC codes that relate to Diagnostic Observations.","StructureDefinition/space-radiation-summary","LOINC"
http://hl7.org/fhir/ValueSet/risk-probability,4.0.1,draft,"2.16.840.1.113883.4.642.3.450",RiskProbability,Risk Probability,"Codes representing the likelihood of a particular outcome in a risk assessment.","StructureDefinition/SpaceRiskAssesment","THO"
http://hl7.org/fhir/ValueSet/search-entry-mode,4.0.1,active,"2.16.840.1.113883.4.642.3.622",SearchEntryMode,SearchEntryMode,"Why an entry is in the result set - whether it's included as a match or because of an _include requirement, or to convey information or warning information about the search process.","StructureDefinition/GimbalScreening","hl7.fhir.r4.core"
http://hl7.org/fhir/ValueSet/ucum-vitals-common,4.0.1,draft,"2.16.840.1.113883.4.642.3.955",VitalSignsUnits,Vital Signs Units,"Common UCUM units for recording Vital Signs","StructureDefinition/oxygen-saturation-arterial-blood,StructureDefinition/twenty-four-hour-blood-pressure,StructureDefinition/body-temperature,StructureDefinition/average-blood-pressure,StructureDefinition/vital-signs-panel,StructureDefinition/body-mass-index,StructureDefinition/blood-pressure-panel,StructureDefinition/height,StructureDefinition/heart-rate,StructureDefinition/respiratory-rate,StructureDefinition/body-weight,StructureDefinition/oxygen-saturation-arterial-blood-pulseOx","UCUM"
http://hl7.org/fhir/ValueSet/udi-entry-type,4.0.1,draft,"2.16.840.1.113883.4.642.3.211",UDIEntryType,UDIEntryType,"Codes to identify how UDI data was entered.","StructureDefinition/bp-device,StructureDefinition/SpaceEquipment,StructureDefinition/DivingEquipment,StructureDefinition/underwater-communication-system,StructureDefinition/radiation-detector","hl7.fhir.r4.core"
http://hl7.org/fhir/uv/aerospace/ValueSet/location-capabilities-vs,0.4.2,active,,LocationCapabilitiesVS,Location Capabilities Value Set,"Capabilities and services available at aerospace medicine locations",,"Internal"
http://hl7.org/fhir/uv/aerospace/ValueSet/operational-status-vs,0.4.2,active,,OperationalStatusVS,Operational Status Value Set,"Operational status codes for facilities and vehicles","StructureDefinition/hyperbaric-chamber,StructureDefinition/operational-status","Internal"
http://terminology.hl7.org/ValueSet/v2-0116,2.0.0,active,"2.16.840.1.113883.21.51",Hl7VSBedStatus,hl7VS-bedStatus,"Value Set of codes that specify the state of a bed in an inpatient setting, and is used to determine if a patient may be assigned to it or not.","StructureDefinition/SpaceVehicle,StructureDefinition/NeutralBuoyancyFacility,StructureDefinition/SpaceLocation","THO (V2)"
http://terminology.hl7.org/ValueSet/v3-ActConsentDirective,3.0.0,active,"2.16.840.1.113883.1.11.20425",ActConsentDirective,ActConsentDirective,"ActConsentDirective codes are used to specify the type of Consent Directive to which a Consent Directive Act conforms.","StructureDefinition/SpaceInsuranceContract","THO (V3)"
http://terminology.hl7.org/ValueSet/v3-PurposeOfUse,3.1.0,active,"2.16.840.1.113883.1.11.20448",PurposeOfUse,PurposeOfUse,"Supports communication of purpose of use at a general level.","StructureDefinition/SpaceInsuranceContract","THO (V3)"
http://terminology.hl7.org/ValueSet/v3-ServiceDeliveryLocationRoleType,3.0.0,active,"2.16.840.1.113883.1.11.17660",ServiceDeliveryLocationRoleType,ServiceDeliveryLocationRoleType,"A role of a place that further classifies the setting (e.g., accident site, road side, work site, community location) in which services are delivered.","StructureDefinition/SpaceVehicle,StructureDefinition/hyperbaric-chamber,StructureDefinition/NeutralBuoyancyFacility,StructureDefinition/SpaceLocation","THO (V3)"
https://mitre.org/fhir/space-health/ValueSet/AircraftFumeExposureValueSet,0.4.2,draft,,AircraftFumeExposureValueSet,Aircraft Fume Exposure,"Health impacts from exposure to aircraft contaminated air and fume events.",,"SCT"
https://mitre.org/fhir/space-health/ValueSet/AstronautBackPain,0.4.2,draft,,AstronautBackPain,Back Pain and Space Travel,"Back pain and associated conditions observed in astronauts and their potential terrestrial applications.",,"SCT"
https://mitre.org/fhir/space-health/ValueSet/GimbalContraindicatedConditions,0.4.2,draft,,GimbalContraindicatedConditions,Gimbal Contraindications,"Contraindicated conditions for riding a multi-axis gimbal",,"SCT"
https://mitre.org/fhir/space-health/ValueSet/LunarDustToxicityValueSet,0.4.2,draft,,LunarDustToxicityValueSet,Lunar Dust Toxicity,"Conditions and effects associated with lunar dust exposure, including respiratory, ocular, and systemic toxicities.",,"SCT"
https://mitre.org/fhir/space-health/ValueSet/MuscleStiffnessAndSpaceHealth,0.4.2,draft,,MuscleStiffnessAndSpaceHealth,Muscle Stiffness,"Concepts related to muscle stiffness and health in the context of spaceflight and Earth-based applications.",,"SCT"
https://mitre.org/fhir/space-health/ValueSet/SleepLossHypoxiaEffect,0.4.2,draft,,SleepLossHypoxiaEffect,Sleep Loss and Hypoxia Effects,"Concepts related to the physiological and cognitive effects of sleep loss and hypoxia.",,"SCT"
https://mitre.org/fhir/space-health/ValueSet/SleepLossHypoxiaResponses,0.4.2,draft,,SleepLossHypoxiaResponses,Sleep Loss and Hypoxia Responses,"Concepts related to sleep deprivation and physiological/cognitive responses to systemic environmental hypoxia.",,"SCT"
https://mitre.org/fhir/space-health/ValueSet/SpaceAdaptationBoneHealth,0.4.2,draft,,SpaceAdaptationBoneHealth,Adaptations of Bone Health,"Bone health adaptations observed in spaceflight conditions.",,"SCT"
https://mitre.org/fhir/space-health/ValueSet/SpaceRadiationRisksVS,0.4.2,draft,,SpaceRadiationRisksVS,Space Radiation Risks ValueSet,"Concepts relevant to space radiation risks and associated health concerns identified from Artemis I mission data.",,"SCT"
https://mitre.org/fhir/space-health/ValueSet/SpaceTravelBrainChanges,0.4.2,draft,,SpaceTravelBrainChanges,Brain and Neurologic Changes,"Concepts related to physiological and neurological changes from prolonged space travel.",,"SCT"
https://mitre.org/fhir/space-health/ValueSet/SpaceflightStressFactors,0.4.2,draft,,SpaceflightStressFactors,Stress and Physiological Factors,"Concepts related to stress, physiological, and psychological factors during spaceflight analog missions.",,"SCT"
https://mitre.org/fhir/space-health/ValueSet/decompression-procedures,0.4.2,draft,,DecompressionProcedures,Decompression Procedures,"Standardized decompression procedures and protocols","StructureDefinition/enhanced-hyperbaric-treatment,StructureDefinition/decompression-protocol,StructureDefinition/environmental-factors,StructureDefinition/decompression-algorithm","SCT,Internal"
https://mitre.org/fhir/space-health/ValueSet/diving-contraindicated-conditions,0.4.2,draft,,DivingContraindicatedConditions,Diving Medical Contraindications,"Medical conditions that contraindicate diving activities",,"SCT"
https://mitre.org/fhir/space-health/ValueSet/diving-medical-examinations,0.4.2,draft,,DivingMedicalExaminations,Diving Medical Examinations,"Types of medical examinations for diving fitness",,"Internal"
https://mitre.org/fhir/space-health/ValueSet/dosimeter-type-vs,0.4.2,draft,,DosimeterTypeVS,Dosimeter Types,"Types of radiation dosimeters",,"Internal"
https://mitre.org/fhir/space-health/ValueSet/hyperbaric-capabilities-vs,0.4.2,active,,HyperbaricCapabilitiesVS,Hyperbaric Chamber Capabilities,"Capabilities available in hyperbaric chambers","StructureDefinition/hyperbaric-capabilities","Internal"
https://mitre.org/fhir/space-health/ValueSet/hyperbaric-chamber-type-vs,0.4.2,active,,HyperbaricChamberTypeVS,Hyperbaric Chamber Types,"Types of hyperbaric chambers","StructureDefinition/chamber-type","Internal"
https://mitre.org/fhir/space-health/ValueSet/neutral-buoyancy-training-activities,0.4.2,draft,,NeutralBuoyancyTrainingActivities,Neutral Buoyancy Training Activities,"Types of training activities conducted in neutral buoyancy environments","StructureDefinition/enhanced-neutral-buoyancy-session","Internal"
https://mitre.org/fhir/space-health/ValueSet/organ-dose-codes-vs-complete,0.4.2,active,,OrganDoseCodesVSComplete,Complete Organ-Specific Dose Codes,"Comprehensive codes for organ-specific radiation dose measurements","StructureDefinition/cumulative-radiation-dose,StructureDefinition/space-radiation-exposure","FHIR"
https://mitre.org/fhir/space-health/ValueSet/radiation-countermeasures-vs,0.4.2,draft,,RadiationCountermeasuresVS,Radiation Countermeasures,"Protective measures against radiation","StructureDefinition/radiation-countermeasures","Internal"
https://mitre.org/fhir/space-health/ValueSet/radiation-countermeasures-vs-complete,0.4.2,active,,RadiationCountermeasuresVSComplete,Complete Radiation Countermeasures,"Comprehensive list of protective measures against space radiation",,"SCT,Internal"
https://mitre.org/fhir/space-health/ValueSet/radiation-detector-type-vs-complete,0.4.2,active,,RadiationDetectorTypeVSComplete,Complete Radiation Detector Types,"Comprehensive list of radiation detection devices used in space","StructureDefinition/radiation-detector","Internal,FHIR"
https://mitre.org/fhir/space-health/ValueSet/radiation-dose-units-vs,0.4.2,draft,,RadiationDoseUnitsVS,Radiation Dose Units,"Units for radiation dose measurements","StructureDefinition/cumulative-radiation-dose,StructureDefinition/space-radiation-exposure","UCUM"
https://mitre.org/fhir/space-health/ValueSet/regulatory-standards,0.4.2,draft,,RegulatoryStandards,Regulatory Standards for Diving and Space Medicine,"Regulatory standards and compliance requirements","StructureDefinition/safety-protocols,StructureDefinition/regulatory-compliance-assessment","SCT,Internal"
https://mitre.org/fhir/space-health/ValueSet/space-cardiovascular-effects,0.4.2,draft,,SpaceCardiovascularEffectsValueSet,Space Cardiovascular Effects,"Cardiovascular effects and conditions relevant to human spaceflight, including orthostatic intolerance, heart rate changes, and blood pressure",,"SCT"
https://mitre.org/fhir/space-health/ValueSet/space-environmental-factors,0.4.2,draft,,SpaceEnvironmentalFactorsValueSet,Space Environmental Factors,"Environmental factors relevant to human spaceflight, including weightlessness, radiation, isolation, and decompression",,"SCT"
https://mitre.org/fhir/space-health/ValueSet/space-monitoring-procedures,0.4.2,draft,,SpaceMonitoringProceduresValueSet,Space Monitoring Procedures,"Monitoring procedures relevant to human spaceflight, including vital signs monitoring and physiological monitoring",,"SCT"
https://mitre.org/fhir/space-health/ValueSet/space-neurological-effects,0.4.2,draft,,SpaceNeurologicalEffectsValueSet,Space Neurological Effects,"Neurological effects relevant to human spaceflight, including vestibular conditions, motion sickness, and intracranial pressure changes",,"SCT"
https://mitre.org/fhir/space-health/ValueSet/space-physiological-effects,0.4.2,draft,,SpacePhysiologicalEffectsValueSet,Space Physiological Effects,"Physiological effects and conditions relevant to human spaceflight, including motion sickness, bone loss, muscle atrophy, and sleep disorders",,"SCT"
https://mitre.org/fhir/space-health/ValueSet/space-psychological-effects,0.4.2,draft,,SpacePsychologicalEffectsValueSet,Space Psychological Effects,"Psychological effects relevant to human spaceflight, including sleep disorders, isolation, anxiety, and depression",,"SCT"
https://mitre.org/fhir/space-health/ValueSet/space-radiation-dose-codes-vs-complete,0.4.2,active,,SpaceRadiationDoseCodesVSComplete,Complete Space Radiation Dose Measurement Codes,"Comprehensive codes for radiation dose measurements in space environments","StructureDefinition/cumulative-radiation-dose,StructureDefinition/space-radiation-exposure","LOINC,FHIR"
https://mitre.org/fhir/space-health/ValueSet/space-radiation-effects,0.4.2,draft,,SpaceRadiationEffectsValueSet,Space Radiation Effects,"Radiation effects and conditions relevant to human spaceflight, including cosmic radiation, radiation sickness, and radiation injuries",,"SCT"
https://mitre.org/fhir/space-health/ValueSet/space-radiation-type-vs,0.4.2,draft,,SpaceRadiationTypeVS,Space Radiation Types,"Types of radiation encountered in space","StructureDefinition/radiation-type","Internal"
https://mitre.org/fhir/space-health/ValueSet/space-radiation-type-vs-complete,0.4.2,active,,SpaceRadiationTypeVSComplete,Complete Space Radiation Types,"Comprehensive list of ionizing radiation types encountered in space",,"SCT,Internal"
https://mitre.org/fhir/space-health/ValueSet/space-visual-effects,0.4.2,draft,,SpaceVisualEffectsValueSet,Space Visual Effects,"Visual and ocular effects relevant to human spaceflight, including visual impairment, optic nerve conditions, and intraocular pressure changes",,"SCT"
https://mitre.org/fhir/space-health/ValueSet/underwater-communication-systems,0.4.2,draft,,UnderwaterCommunicationSystems,Underwater Communication Systems,"Communication systems used in underwater training operations","StructureDefinition/underwater-communication-system","Internal"
https://mitre.org/fhir/space-health/ValueSet/underwater-training-procedures,0.4.2,draft,,UnderwaterTrainingProcedures,Underwater Training Procedures,"Procedures and activities conducted during underwater training","StructureDefinition/underwater-emergency-response","SCT"
